{
    "vpc":{
        "vpc_cidr":"10.0.0.0/16"
    },
    "subnets":[
        {   
            "name":"subnet1",
            "subnet_cidr":"10.0.1.0/24",
            "AvailabilityZone":"us-east-1b"
        },
        {
            "name":"subnet2",
            "subnet_cidr":"10.0.2.0/24",
            "AvailabilityZone":"us-east-1c"
        },
        {
            "name":"subnet3",
            "subnet_cidr":"10.0.3.0/24",
            "AvailabilityZone":"us-east-1d"
        },
        {
            "name":"privateSubnet1",
            "subnet_cidr":"10.0.4.0/24",
            "AvailabilityZone":"us-east-1b"
        },
        {
            "name":"privateSubnet2",
            "subnet_cidr":"10.0.5.0/24",
            "AvailabilityZone":"us-east-1c"
        },
        {
            "name":"privateSubnet3",
            "subnet_cidr":"10.0.6.0/24",
            "AvailabilityZone":"us-east-1d"
        }
    ]  
}