{
    "Resources": {
        "EC2Instance": {
            "DependsOn": "SecurityGroupforWebApp",
            "Type": "AWS::EC2::Instance",
            "Properties": {
                "AvailabilityZone": "us-east-1c",
                "SubnetId": {
                    "Fn::ImportValue": "websubnet3"
                },
                "SecurityGroupIds": [
                    {
                        "Ref": "SecurityGroupforWebApp"
                    }
                ],
                "ImageId": "ami-9887c6e7",
                "InstanceType": "t2.micro",
                "IamInstanceProfile": {
                    "Ref": "myInstanceProfile"
                },
                "BlockDeviceMappings": [
                    {
                        "DeviceName": "/dev/sdj",
                        "Ebs": {
                            "VolumeSize": 20,
                            "DeleteOnTermination": true
                        }
                    }
                ],
                "KeyName": {
                    "Ref": "KeyName"
                },
                "UserData": {
                    "Fn::Base64": {
                        "Fn::Join": [
                            "\n",
                            [
                                 "#!/bin/bash -xe",
                                "pwd >> /var/log/SomeFile.txt",
                                "sudo yum -y update 2>&1 >> /var/log/SomeFile.txt",
                                "sudo yum -y install ruby 2>&1 >> /var/log/SomeFile.txt",
                                "sudo yum -y install wget 2>&1 >> /var/log/SomeFile.txt",
                                "curl --silent --location https://rpm.nodesource.com/setup_8.x | sudo bash -",
                                "sudo yum -y install nodejs",
                                "sudo npm install pm2 -g \n",
                                "cd /home/centos >> /var/log/SomeFile.txt",
                                "wget https://aws-codedeploy-us-east-1.s3.amazonaws.com/latest/install >> /var/log/SomeFile.txt",
                                "chmod +x ./install 2>&1 >> /var/log/SomeFile.txt",
                                "sudo ./install auto 2>&1 >> /var/log/SomeFile.txt",
                                "sudo service codedeploy-agent status 2>&1 >> /var/log/SomeFile.txt",
                                "sudo service codedeploy-agent start 2>&1 >> /var/log/SomeFile.txt",
                                "sudo service codedeploy-agent status 2>&1 >> /var/log/SomeFile.txt",
                         
                                "sudo echo NODE_ENV=dev > /var/.env \n",
                                "sudo echo DB_USER=csye6225master >> /var/.env \n",
                                "sudo echo DB_PASS=csye6225password >> /var/.env \n",
                                "sudo echo DB_PORT=3306 >> /var/.env \n",
                                "sudo echo DB_NAME=csye6225 >> /var/.env \n",
                                {
                                    "Fn::Join": [
                                        "",
                                        [
                                            "sudo echo S3_BUCKET=",
                                            {
                                                "Ref": "S3BucketName"
                                            },
                                            " >> /var/.env \n"
                                        ]
                                    ]
                                },
                                {
                                    "Fn::Join": [
                                        "",
                                        [
                                            "sudo echo DB_HOST=",
                                            {
                                                "Fn::GetAtt": [
                                                    "DbInstance",
                                                    "Endpoint.Address"
                                                ]
                                            },
                                            " >> /var/.env \n"
                                        ]
                                    ]
                                },
                                {
                                    "Fn::Join": [
                                        "",
                                        [
                                            "sudo echo AWS_ACCESS_KEY=",
                                            {
                                                "Ref": "ACCESSKEY"
                                            },
                                            " >> /var/.env \n"
                                        ]
                                    ]
                                },
                                {
                                    "Fn::Join": [
                                        "",
                                        [
                                            "sudo echo AWS_SECRET_KEY=",
                                            {
                                                "Ref": "SECRETKEY"
                                            },
                                            " >> /var/.env \n"
                                        ]
                                    ]
                                },
                                {
                                    "Fn::Join": [
                                        "",
                                        [
                                            "sudo echo DOMAINNAME=",
                                            {
                                                "Ref": "DOMAINNAME"
                                            },
                                            " >> /var/.env \n"
                                        ]
                                    ]
                                },
                                {
                                    "Fn::Join": [
                                        "",
                                        [
                                            "sudo echo PWDRESETARN=",
                                            {
                                                "Ref": "PWDRESETARN"
                                            },
                                            " >> /var/.env \n"
                                        ]
                                    ]
                                },
                                {
                                    "Fn::Join": [
                                        "",
                                        [
                                            "sudo echo REGION=",
                                            {
                                                "Ref": "REGION"
                                            },
                                            " >> /var/.env \n"
                                        ]
                                    ]
                                },

                                "sudo mkdir -p ~/temp/AmazonCloudWatch",
                                "cd ~/temp/AmazonCloudWatch",
                                "sudo wget https://s3.amazonaws.com/amazoncloudwatch-agent/centos/amd64/latest/amazon-cloudwatch-agent.rpm",
                                "sudo rpm -U ./amazon-cloudwatch-agent.rpm",
                                "cd  /opt",
                                "sudo touch cloudwatch-config.json",
                                "sudo chown centos: cloudwatch-config.json",
                                "sudo echo '{\"agent\": { \"metrics_collection_interval\":10,\"region\":\"us-east-1\",\"logfile\":\"/var/logs/amazon-cloudwatch-agent.log\"},\"logs\": {\"logs_collected\": { \"files\": {\"collect_list\": [{ \"file_path\":\"/opt/node/logs/**.log\",\"log_group_name\":\"csye6225_fall2018\",\"log_stream_name\":\"webapp\",\"timestamp_format\":\"%H: %M: %S %y %b %-d\"}]} },\"log_stream_name\":\"cloudwatch_log_stream\" },\"metrics\": {\"metrics_collected\": {\"statsd\": {\"service_address\":\":8125\",\"metrics_collection_interval\":10,\"metrics_aggregation_interval\":0}}}}' >> cloudwatch-config.json",                                
                                "sudo /opt/aws/amazon-cloudwatch-agent/bin/amazon-cloudwatch-agent-ctl   -a fetch-config   -m ec2   -c file:/opt/cloudwatch-config.json  -s",                           
                                "sudo systemctl status amazon-cloudwatch-agent.service",
                                "sudo wget https://s3.amazonaws.com/configfileforcloudwatch/amazon-cloudwatch-agent.service",
                                "sudo cp amazon-cloudwatch-agent.service /usr/lib/systemd/system/",
                                "sudo systemctl enable amazon-cloudwatch-agent.service",
                                "sudo systemctl start amazon-cloudwatch-agent.service",
                                "sudo systemctl stop amazon-cloudwatch-agent.service",
                                "sudo systemctl restart amazon-cloudwatch-agent.service",

                                "sudo yum install -y git ",
                                "cd /var",
                                "sudo mkdir -p GitStat",
                                "cd GitStat",
                                "sudo git clone https://github.com/etsy/statsd.git",
                                "cd statsd",
                                "sudo npm install aws-cloudwatch-statsd-backend",
                                "sudo touch localConfig.js",
                                "sudo chmod 777 localConfig.js",
                                "sudo echo '{' >> localConfig.js",
								"sudo echo 'graphitePort: 2003 ,' >> localConfig.js ",
								"sudo echo 'graphiteHost: \"localhost\" ,' >> localConfig.js",
								"sudo echo 'port: 8126 ,' >> localConfig.js",
								"sudo echo 'debug: true,' >> localConfig.js",
								"sudo echo 'backends: [\"./backends/console\", \"aws-cloudwatch-statsd-backend\"],' >> localConfig.js",
								"sudo echo 'cloudwatch:{' >> localConfig.js",
								{
                                    "Fn::Join": [
                                        "",
                                        [
                                            "sudo echo accessKeyId:",
                                            "'\"'",
                                            {
                                                "Ref": "ACCESSKEY"
                                            },
                                            "'\",'",
                                            "  >> localConfig.js \n"
                                        ]
                                    ]
                                },
                                {
                                    "Fn::Join": [
                                        "",
                                        [
                                            "sudo echo secretAccessKey:",
                                            "'\"'",
                                            {
                                                "Ref": "SECRETKEY"
                                            },
                                            "'\",'",
                                            " >> localConfig.js \n"
                                        ]
                                    ]
                                },
                                "sudo echo 'region:\"US_EAST_1\"' >> localConfig.js",
								"sudo echo '}}' >> localConfig.js",
								"node stats.js localConfig.js"
                            
                            ]
                        ]
                    }
                }
            }
        },
        "myInstanceProfile": {
            "Type": "AWS::IAM::InstanceProfile",
            "Properties": {
                "Roles": [
                    {
                        "Fn::ImportValue": "ec2iamrole"
                    }
                ],
                "InstanceProfileName": "myProfile"
            }
        },
        "myCodeDeployApp": {
            "Type": "AWS::CodeDeploy::Application",
            "Properties": {
                "ApplicationName": "Codeapp",
                "ComputePlatform": "Server"
            }
        },
        "myDeploymentGroup": {
            "Type": "AWS::CodeDeploy::DeploymentGroup",
            "Properties": {
                "ApplicationName": {
                    "Ref": "myCodeDeployApp"
                },
                "DeploymentGroupName": "csye6225group",
                "DeploymentStyle": {
                    "DeploymentType": "IN_PLACE",
                    "DeploymentOption": "WITHOUT_TRAFFIC_CONTROL"
                },
                "ServiceRoleArn": {
                    "Fn::ImportValue": "codedeployrole"
                },
                "Ec2TagFilters": [
                    {
                        "Key": "aws:cloudformation:logical-id",
                        "Value": "EC2Instance",
                        "Type": "KEY_AND_VALUE"
                    }
                ]
            }
        },
        "NewVolume": {
            "Type": "AWS::EC2::Volume",
            "Properties": {
                "Size": "20",
                "AvailabilityZone": {
                    "Fn::GetAtt": [
                        "EC2Instance",
                        "AvailabilityZone"
                    ]
                },
                "VolumeType": "gp2"
            }
        },
        "MountPoint": {
            "Type": "AWS::EC2::VolumeAttachment",
            "Properties": {
                "InstanceId": {
                    "Ref": "EC2Instance"
                },
                "VolumeId": {
                    "Ref": "NewVolume"
                },
                "Device": "/dev/sdh"
            }
        },
        "SecurityGroupforWebApp": {
            "Type": "AWS::EC2::SecurityGroup",
            "Properties": {
                "GroupDescription": "Allow http",
                "Tags": [
                    {
                        "Key": "Name",
                        "Value": "csye6225-webapp"
                    }
                ],
                "VpcId": {
                    "Fn::ImportValue": "vpcID"
                },
                "SecurityGroupIngress": [
                    {
                        "IpProtocol": "tcp",
                        "FromPort": 80,
                        "ToPort": 80,
                        "CidrIp": "0.0.0.0/0"
                    },
                    {
                        "IpProtocol": "tcp",
                        "FromPort": 22,
                        "ToPort": 22,
                        "CidrIp": "0.0.0.0/0"
                    },
                     {
                        "IpProtocol": "tcp",
                        "FromPort": 5000,
                        "ToPort": 5000,
                        "CidrIp": "0.0.0.0/0"
                    },
                    {
                        "IpProtocol": "tcp",
                        "FromPort": 443,
                        "ToPort": 443,
                        "CidrIp": "0.0.0.0/0"
                    }
                ]
            }
        },
        "SecurityGroupforRDS": {
            "Type": "AWS::EC2::SecurityGroup",
            "Properties": {
                "GroupDescription": "Db Security Group",
                "Tags": [
                    {
                        "Key": "Name",
                        "Value": "csye6225-RDS"
                    }
                ],
                "VpcId": {
                    "Fn::ImportValue": "vpcID"
                },
                "SecurityGroupIngress": [
                    {
                        "IpProtocol": "tcp",
                        "FromPort": 3306,
                        "ToPort": 3306,
                        "SourceSecurityGroupId": {
                            "Ref": "SecurityGroupforWebApp"
                        }
                    }
                ]
            }
        },
        "RDSSecurityGroup": {
            "Type": "AWS::RDS::DBSecurityGroup",
            "Properties": {
                "EC2VpcId": {
                    "Fn::ImportValue": "vpcID"
                },
                "GroupDescription": "RDS Security Group"
            }
        },
        "DbInstance": {
            "Type": "AWS::RDS::DBInstance",
            "Properties": {
                "Engine": "MySQL",
                "AllocatedStorage": 100,
                "DBInstanceClass": "db.t2.medium",
                "DBInstanceIdentifier": "csye6225-fall2018",
                "MultiAZ": false,
                "MasterUsername": "csye6225master",
                "MasterUserPassword": "csye6225password",
                "PubliclyAccessible": false,
                "DBName": "csye6225",
                "VPCSecurityGroups": [
                    {
                        "Ref": "SecurityGroupforRDS"
                    }
                ],
                "DBSubnetGroupName": {
                    "Ref": "myDBSubnetGroup"
                }
            }
        },
        "myDBSubnetGroup": {
            "Type": "AWS::RDS::DBSubnetGroup",
            "Properties": {
                "DBSubnetGroupDescription": "making a RDS subnet from my VPC",
                "SubnetIds": [
                    {
                        "Fn::ImportValue": "websubnet3"
                    },
                    {
                        "Fn::ImportValue": "websubnet2"
                    }
                ]
            }
        },
        "myDynamoDBTable": {
            "Type": "AWS::DynamoDB::Table",
            "Properties": {
                "AttributeDefinitions": [
                    {
                        "AttributeName": "ID",
                        "AttributeType": "S"
                    }
                ],
                "KeySchema": [
                    {
                        "AttributeName": "ID",
                        "KeyType": "HASH"
                    }
                ],
                "TableName": "csye6225",
                "ProvisionedThroughput": {
                    "ReadCapacityUnits": 5,
                    "WriteCapacityUnits": 5
                },
                "TimeToLiveSpecification": {
					"AttributeName": "ttl",
    			"Enabled": "TRUE"
}
            }
        },
        "S3Bucket": {
            "Type": "AWS::S3::Bucket",
            "Properties": {
                "BucketName": {
                    "Ref": "S3BucketName"
                }
            }
        }
    },
    "Parameters": {
        "S3BucketName": {
            "Type": "String"
        },
        "KeyName": {
            "Type": "String"
        },
        "ACCESSKEY": {
            "Type": "String"
        },
        "SECRETKEY": {
            "Type": "String"
        },

        "REGION": {
            "Type": "String"
        },
        "PWDRESETARN": {
            "Type": "String"
        },

        "DOMAINNAME": {
        	"Type": "String"
        }
    },
    "Outputs": {
        "SecurityGrp": {
            "Description": " Security Group attaching to RDS",
            "Value": {
                "Ref": "SecurityGroupforWebApp"
            },
            "Export": {
                "Name": "SecurityGrp"
            }
        }
    }
}
