{
    "AWSTemplateFormatVersion":"2010-09-09",
   "Description":"AWS CI/CD CloudFormation Template.",
    "Resources": {
        "myEC2Role": {
            "Type": "AWS::IAM::Role",
            "Properties": {
                "RoleName": "CodeDeployEC2ServiceRole",
                "ManagedPolicyArns": [
                    "arn:aws:iam::aws:policy/AmazonSNSFullAccess",
                    "arn:aws:iam::aws:policy/CloudWatchAgentAdminPolicy"
                ],
                "AssumeRolePolicyDocument": {
                    "Version": "2012-10-17",
                    "Statement": [
                        {
                            "Effect": "Allow",
                            "Principal": {
                                "Service": [
                                    "ec2.amazonaws.com"
                                ]
                            },
                            "Action": [
                                "sts:AssumeRole"
                            ]
                        }
                    ]
                }
            }
        },
        "myCodeDeployRole": {
            "Type": "AWS::IAM::Role",
            "Properties": {
                "RoleName": "CodeDeployServiceRole",
                "AssumeRolePolicyDocument": {
                    "Version": "2012-10-17",
                    "Statement": [
                        {
                            "Effect": "Allow",
                            "Principal": {
                                "Service": [
                                    "codedeploy.amazonaws.com"
                                ]
                            },
                            "Action": [
                                "sts:AssumeRole"
                            ]
                        }
                    ]
                },
                "ManagedPolicyArns": [
                    "arn:aws:iam::aws:policy/service-role/AWSCodeDeployRole"
                ]
            }
        },
        "myCodeDeployEC2S3Policy": {
            "Type": "AWS::IAM::ManagedPolicy",
            "DependsOn": "myEC2Role",
            "Properties": {
                "ManagedPolicyName": "CodeDeploy-EC2-S3",
                "PolicyDocument": {
                    "Version": "2012-10-17",
                    "Statement": [
                        {
                            "Action": [
                                "s3:Get*",
                                "s3:List*"
                            ],
                            "Effect": "Allow",
                            "Resource": "*"
                        }
                    ]
                },
                "Roles": [
                    "CodeDeployEC2ServiceRole"
                ]
            }
        },
       
        "myTravistoS3Policy": {
            "Type": "AWS::IAM::ManagedPolicy",
            "Properties": {
                "ManagedPolicyName": "Travis-Upload-To-S3",
                "PolicyDocument": {
                    "Version": "2012-10-17",
                    "Statement": [
                        {
                            "Action": [
                                "s3:PutObject"
                            ],
                            "Effect": "Allow",
                            "Resource": "*"
                        }
                    ]
                },
                "Users": [
                    "travis"
                ]
            }
        },
        "myTravisCallToCodeDeployPolicy": {
            "Type": "AWS::IAM::ManagedPolicy",
            "Properties": {
                "ManagedPolicyName": "Travis-Code-Deploy",
                "PolicyDocument": {
                    "Version": "2012-10-17",
                    "Statement": [
                        {
                            "Effect": "Allow",
                            "Action": [
                                "codedeploy:RegisterApplicationRevision",
                                "codedeploy:GetApplicationRevision"
                            ],
                            "Resource": [
                                {
                                    "Fn::Join": [
                                        ":",
                                        [
                                            "arn:aws:codedeploy:us-east-1",
                                            {
                                                "Ref": "AWS::AccountId"
                                            },
                                            "application:Codeapp"
                                        ]
                                    ]
                                }
                            ]
                        },
                        {
                            "Effect": "Allow",
                            "Action": [
                                "codedeploy:CreateDeployment",
                                "codedeploy:GetDeployment"
                            ],
                            "Resource": "*"
                        },
                        {
                            "Effect": "Allow",
                            "Action": [
                                "codedeploy:GetDeploymentConfig"
                            ],
                            "Resource": [
                                {
                                    "Fn::Join": [
                                        ":",
                                        [
                                            "arn:aws:codedeploy:us-east-1",
                                            {
                                                "Ref": "AWS::AccountId"
                                            },
                                            "deploymentconfig:CodeDeployDefault.OneAtATime"
                                        ]
                                    ]
                                },
                                {
                                    "Fn::Join": [
                                        ":",
                                        [
                                            "arn:aws:codedeploy:us-east-1",
                                            {
                                                "Ref": "AWS::AccountId"
                                            },
                                            "deploymentconfig:CodeDeployDefault.HalfAtATime"
                                        ]
                                    ]
                                },
                                {
                                    "Fn::Join": [
                                        ":",
                                        [
                                            "arn:aws:codedeploy:us-east-1",
                                            {
                                                "Ref": "AWS::AccountId"
                                            },
                                            "deploymentconfig:CodeDeployDefault.AllAtOnce"
                                        ]
                                    ]
                                }
                            ]
                        }
                    ]
                },
                "Users": [
                    "travis"
                ]
            }
        },
        
              
        "myEC2S3AccessPolicy": {
              "Type": "AWS::IAM::ManagedPolicy",
              "DependsOn": "myEC2Role",
              "Properties": {
                "ManagedPolicyName": "EC2-S3-Access",
                "PolicyDocument": {
                "Version": "2012-10-17",
                "Statement": [{
                    "Effect": "Allow",
                    "Action":   ["s3:Put*","s3:Get*","s3:List*","s3:Delete*"],
                    "Resource": "*"
                }]
              },
              "Roles": ["CodeDeployEC2ServiceRole"]
              }
        },
        "myCloudWatchPolicy":
        {
            "Type": "AWS::IAM::ManagedPolicy",
            "DependsOn": "myEC2Role",
            "Properties":
            {
                "ManagedPolicyName": "LogRolePolicy",
                "PolicyDocument":
                {
                    "Version":"2012-10-17",
                    "Statement":
                    [
                        {
                                "Effect": "Allow",
                                "Action":
                                [
                                        "logs:CreateLogGroup",
                                        "logs:CreateLogStream",
                                        "logs:PutLogEvents",
                                        "logs:GetLogEvents",    
                                        "logs:DescribeLogStreams",
                                        "logs:DescribeLogGroups",
                                        "logs:FilterLogEvents"
                                ],
                                "Resource":
                                [
                                        "arn:aws:logs:*:*:*"
                                ]
                        },
                        {
                            "Effect": "Allow",
                            "Action":
                            [
                                    "s3:GetObject"
                            ],
                            "Resource": "*"                            

                        }
                    ]
                },
                "Roles": ["CodeDeployEC2ServiceRole"]
            }
        },
        
        "S3Bucket": {
            "Type": "AWS::S3::Bucket",
            "Properties": {
                "BucketName": {
                    "Ref": "S3BucketName"
                }
            }
        },
        "S3BucketForLambda": {
            "Type": "AWS::S3::Bucket",
            "Properties": {
                "BucketName": {
                    "Ref": "S3BucketLambda"
                }
            }
        }
    },
    "Parameters": {
        "S3BucketName": {
            "Type": "String"
        },
        "S3BucketLambda": {
            "Type": "String"
        }
    },

    "Outputs": {
        "EC2IAMRole": {
            
            "Value": {
                "Ref": "myEC2Role"
            },
            "Export": {
                "Name": "ec2iamrole"
            }

        },
        "myCodeDeployRole": {
            
            "Value": {
               "Fn::GetAtt": ["myCodeDeployRole", "Arn"]
            },
            "Export": {
                "Name": "codedeployrole"
            }

        },

        "S3BucketLambda": {
            
            "Value": {
               "Fn::GetAtt": ["S3BucketForLambda", "Arn"]
            },
            "Export": {
                "Name": "s3lambdabucket"
            }

        }
         
}
}
